Country/Region/World,ISO,Sex,Year,Mean BMI,Mean BMI lower 95% uncertainty interval,Mean BMI upper 95% uncertainty interval,Prevalence of BMI>=30 kg/m² (obesity),Prevalence of BMI>=30 kg/m² lower 95% uncertainty interval,Prevalence of BMI>=30 kg/m² upper 95% uncertainty interval,Prevalence of BMI>=35 kg/m² (severe obesity),Prevalence of BMI>=35 kg/m² lower 95% uncertainty interval,Prevalence of BMI>=35 kg/m² upper 95% uncertainty interval,Prevalence of BMI<18.5 kg/m² (underweight),Prevalence of BMI<18.5 kg/m² lower 95% uncertainty interval,Prevalence of BMI<18.5 kg/m² upper 95% uncertainty interval,Prevalence of BMI 18.5 kg/m² to <20 kg/m²,Prevalence of BMI 18.5 kg/m² to <20 kg/m² lower 95% uncertainty interval,Prevalence of BMI 18.5 kg/m² to <20 kg/m² upper 95% uncertainty interval,Prevalence of BMI 20 kg/m² to <25 kg/m²,Prevalence of BMI 20 kg/m² to <25 kg/m² lower 95% uncertainty interval,Prevalence of BMI 20 kg/m² to <25 kg/m² upper 95% uncertainty interval,Prevalence of BMI 25 kg/m² to <30 kg/m²,Prevalence of BMI 25 kg/m² to <30 kg/m² lower 95% uncertainty interval,Prevalence of BMI 25 kg/m² to <30 kg/m² upper 95% uncertainty interval,Prevalence of BMI 30 kg/m² to <35 kg/m²,Prevalence of BMI 30 kg/m² to <35 kg/m² lower 95% uncertainty interval,Prevalence of BMI 30 kg/m² to <35 kg/m² upper 95% uncertainty interval,Prevalence of BMI 35 kg/m² to <40 kg/m²,Prevalence of BMI 35 kg/m² to <40 kg/m² lower 95% uncertainty interval,Prevalence of BMI 35 kg/m² to <40 kg/m² upper 95% uncertainty interval,Prevalence of BMI >=40 kg/m²(morbid obesity),Prevalence of BMI >=40 kg/m² lower 95% uncertainty interval,Prevalence of BMI >=40 kg/m² upper 95% uncertainty interval
United States of America,USA,Men,1975,25.28900402,24.75470926,25.8232302,0.107136122,0.072357578,0.150463531,0.01360259,0.006765857,0.02421012,0.018831101,0.009110774,0.033374091,0.046473755,0.027685927,0.072205401,0.464802896,0.392700783,0.537410119,0.362756126,0.29480053,0.43284327,0.093533532,0.058937656,0.136323685,0.011196955,0.00481245,0.021099487,0.002405635,0.000697216,0.005818414
United States of America,USA,Men,1976,25.34771879,24.87046451,25.82676182,0.110666103,0.076571821,0.152706936,0.014510412,0.007532352,0.024915301,0.018022079,0.009110415,0.031179715,0.044922094,0.027520197,0.068590215,0.460246749,0.39261818,0.527992,0.366142976,0.301920134,0.432511337,0.096155691,0.062290741,0.137501416,0.011899194,0.005394012,0.021598328,0.002611217,0.000836504,0.005952399
United States of America,USA,Men,1977,25.40595955,24.96783067,25.85293541,0.114264798,0.080665187,0.155415688,0.015477478,0.008350776,0.025539301,0.017259834,0.009051641,0.029058737,0.043440408,0.027300961,0.065308752,0.455622532,0.391543881,0.519677417,0.369412429,0.308650548,0.431970586,0.09878732,0.065654767,0.138617635,0.012639865,0.006050874,0.022140841,0.002837613,0.00100068,0.00615697
United States of America,USA,Men,1978,25.46529245,25.05132775,25.88546247,0.11794365,0.085205808,0.1581026,0.016505312,0.009233178,0.026314931,0.016539614,0.008976049,0.027326325,0.042017216,0.02698536,0.062172117,0.450929786,0.390457156,0.511156543,0.372569734,0.315007407,0.431585974,0.101438338,0.068955108,0.139924403,0.013417689,0.006701476,0.022872838,0.003087624,0.001192376,0.006381107
United States of America,USA,Men,1979,25.527234,25.12279329,25.93649747,0.121724575,0.089557236,0.160840257,0.017605662,0.010179572,0.027398691,0.015860255,0.008857408,0.025622996,0.040649742,0.026559035,0.05916058,0.446146756,0.388708684,0.503027038,0.375618672,0.320665476,0.432382105,0.104118913,0.072775636,0.141683298,0.014242146,0.007335796,0.023678353,0.003363515,0.00139498,0.006721193
United States of America,USA,Men,1980,25.59231223,25.20074884,25.99738709,0.125626358,0.093729541,0.163981465,0.018783324,0.011215613,0.028695464,0.01521785,0.008696609,0.02408717,0.03932287,0.026047505,0.056734843,0.441270037,0.386249253,0.495071374,0.378562884,0.326149236,0.433020568,0.106843035,0.075608521,0.143901054,0.015115923,0.008055613,0.024526816,0.003667401,0.001591472,0.007124653
United States of America,USA,Men,1981,25.66244869,25.27701429,26.05396114,0.12972531,0.098000313,0.167734003,0.020064386,0.012318531,0.030127813,0.014608796,0.008487952,0.022913921,0.038023806,0.02550701,0.054272402,0.436220725,0.383203351,0.487181803,0.381421363,0.331313645,0.433073471,0.109660924,0.078238181,0.145853704,0.01605715,0.008788059,0.02544968,0.004007237,0.001816876,0.007597051
United States of America,USA,Men,1982,25.73790435,25.35613544,26.13004649,0.134047417,0.102486719,0.171053093,0.021448781,0.013583599,0.031655197,0.014025281,0.008269251,0.0216858,0.036749141,0.024853099,0.052125738,0.430993411,0.379699662,0.479982335,0.384184749,0.335966511,0.434007247,0.112598636,0.081531069,0.148505645,0.017065418,0.009570903,0.02666101,0.004383363,0.002050592,0.008097549
United States of America,USA,Men,1983,25.81829707,25.43521547,26.22287612,0.138570566,0.107087794,0.17528971,0.022944682,0.01477297,0.033674618,0.013471452,0.007964641,0.020639959,0.035508072,0.02413538,0.050486147,0.425605216,0.376287658,0.473309161,0.386844694,0.339701744,0.435183466,0.115625884,0.084779258,0.15030358,0.018144382,0.010447013,0.027943649,0.0048003,0.00229611,0.008618248
United States of America,USA,Men,1984,25.90340975,25.52056114,26.30834931,0.14330123,0.112167194,0.179654673,0.024562097,0.016089478,0.035568437,0.012949837,0.007735432,0.019770636,0.034301732,0.023373472,0.048539445,0.420055854,0.372667217,0.466343343,0.389391346,0.342764374,0.436396237,0.118739133,0.088426176,0.15316028,0.019300864,0.01135857,0.029466635,0.005261233,0.002568541,0.009283962
United States of America,USA,Men,1985,25.99341703,25.60415773,26.40075735,0.148250447,0.116563757,0.184298965,0.026307511,0.017417452,0.03786942,0.01246033,0.007537841,0.018901212,0.033134192,0.0226316,0.046799201,0.41436818,0.368552393,0.459750879,0.391786851,0.346560978,0.438088634,0.121942936,0.091695183,0.156215631,0.020537294,0.012324057,0.030969902,0.005770216,0.00286149,0.010130882
United States of America,USA,Men,1986,26.08770101,25.69789752,26.49849879,0.153409421,0.12171627,0.189265392,0.028184066,0.018886262,0.040154866,0.011998411,0.007259027,0.018191994,0.032005489,0.021930014,0.04519641,0.408554275,0.36354795,0.452994882,0.394032405,0.349878043,0.439129968,0.125225354,0.094680158,0.159544618,0.021853234,0.013403,0.032801284,0.006330832,0.003182812,0.010959288
United States of America,USA,Men,1987,26.18557589,25.79538596,26.58890094,0.15878398,0.126830148,0.194517242,0.03019835,0.020575945,0.042481986,0.011566148,0.007001423,0.017532789,0.030913992,0.021093496,0.043646075,0.402632936,0.358357558,0.446066297,0.396102945,0.352140594,0.440103598,0.12858563,0.098169885,0.163084968,0.023249078,0.014452207,0.03463997,0.006949271,0.003517953,0.011915967
United States of America,USA,Men,1988,26.28749619,25.89837124,26.68107793,0.164362166,0.13216454,0.200403521,0.032359145,0.022239737,0.045238728,0.011161359,0.006759065,0.016981381,0.029859725,0.020371217,0.04211021,0.396617092,0.353154077,0.439373092,0.397999658,0.354218941,0.441378169,0.132003021,0.100756615,0.166365467,0.024730798,0.015601141,0.036610519,0.007628347,0.00389128,0.012977876
United States of America,USA,Men,1989,26.39380328,26.01106341,26.77848517,0.170136176,0.137532786,0.206537266,0.034679155,0.023942324,0.048459739,0.010780208,0.006527519,0.01642846,0.028845885,0.019660533,0.040685168,0.390545788,0.34752739,0.433045671,0.399691943,0.356874568,0.442732191,0.135457021,0.103744315,0.169968035,0.026302212,0.016767302,0.038601025,0.008376943,0.004318997,0.014277384
United States of America,USA,Men,1990,26.50458938,26.12785587,26.883167,0.176103388,0.143142164,0.212807141,0.03715965,0.025821403,0.051694256,0.010421189,0.006283195,0.015887616,0.027866534,0.0190016,0.039339293,0.384395173,0.342345728,0.426551156,0.401213715,0.358911675,0.443865157,0.138943739,0.107091933,0.173893856,0.027960401,0.017927386,0.040742721,0.009199249,0.004786622,0.015643665
United States of America,USA,Men,1991,26.62073418,26.25463437,26.98808259,0.182365011,0.148751493,0.219640796,0.039841349,0.027953019,0.055063798,0.01007459,0.006104058,0.015431042,0.026908258,0.018375246,0.037956397,0.378068221,0.337079683,0.419298757,0.40258392,0.361119289,0.445070987,0.142523662,0.110432998,0.177817571,0.029733908,0.019176853,0.043116069,0.010107441,0.005297835,0.017041384
United States of America,USA,Men,1992,26.74141127,26.38148169,27.10266742,0.188895997,0.155344396,0.226684252,0.042727643,0.030154332,0.058848392,0.009739333,0.00592044,0.01490605,0.0259729,0.017621718,0.036611488,0.371580463,0.331248444,0.412432578,0.403811308,0.363182802,0.446041363,0.146168354,0.114046012,0.181481816,0.031619436,0.020465863,0.045661126,0.011108206,0.005860335,0.018618893
United States of America,USA,Men,1993,26.86555064,26.50792004,27.22459164,0.195690708,0.16169695,0.233375784,0.045818157,0.032590956,0.062841507,0.009415838,0.005702867,0.014402931,0.025063037,0.017100488,0.035263193,0.364986917,0.325466487,0.404760372,0.4048435,0.364096572,0.446448668,0.149872551,0.117462718,0.185656604,0.033618093,0.021914453,0.048329757,0.012200064,0.006538136,0.020255733
United States of America,USA,Men,1994,26.99272182,26.64187041,27.34363309,0.202719666,0.168130096,0.24064242,0.049118792,0.035113875,0.067096808,0.00910226,0.005532728,0.013859267,0.024177071,0.01641015,0.033986329,0.358316954,0.319244169,0.397814687,0.405684049,0.365331197,0.447240958,0.153600874,0.121173357,0.189622208,0.035727249,0.023437033,0.051176322,0.013391543,0.007229861,0.022099255
United States of America,USA,Men,1995,27.12153255,26.77767766,27.4596229,0.20994677,0.17481033,0.248106525,0.052630013,0.037870068,0.071327304,0.008798886,0.005358675,0.013316898,0.023319187,0.01585967,0.032681232,0.351588112,0.313190328,0.390326281,0.406347045,0.366332279,0.447852312,0.157316757,0.124433923,0.193023915,0.037943869,0.02507865,0.054231681,0.014686144,0.008034287,0.023994033
United States of America,USA,Men,1996,27.25068713,26.92011598,27.57724017,0.217326865,0.181764476,0.25561499,0.056322213,0.040795403,0.075577517,0.008505227,0.005205754,0.012830077,0.022494219,0.015294276,0.031519775,0.344858408,0.307746549,0.382801913,0.406815281,0.367056732,0.447725431,0.161004652,0.127845596,0.197039939,0.040239354,0.026821054,0.057009569,0.016082859,0.008902463,0.02597014
United States of America,USA,Men,1997,27.37964742,27.0636311,27.69872261,0.22486832,0.189105769,0.26289132,0.060197123,0.043822403,0.080084728,0.00822313,0.005020885,0.012386731,0.021701212,0.014740291,0.03033413,0.338142929,0.301348795,0.375168679,0.40706441,0.368304434,0.447618314,0.164671197,0.131645743,0.200694967,0.042613423,0.028598584,0.05993242,0.0175837,0.009912062,0.027950875
United States of America,USA,Men,1998,27.50787296,27.20597083,27.81469006,0.232511424,0.1966183,0.27082683,0.064237786,0.047181916,0.084645759,0.00795288,0.004891678,0.011926077,0.020939173,0.014241049,0.029362465,0.331474435,0.295192117,0.367457787,0.407122087,0.368175396,0.446880132,0.168273639,0.135172298,0.20418372,0.045058412,0.030467066,0.062767166,0.019179374,0.010989695,0.029999904
United States of America,USA,Men,1999,27.63537542,27.34169727,27.92463191,0.24024547,0.204682514,0.278690003,0.068438851,0.050520386,0.089498937,0.007695367,0.004746763,0.011524774,0.020211102,0.013746633,0.028279432,0.324881522,0.289582488,0.360161229,0.406966539,0.36851208,0.445834023,0.171806619,0.13880414,0.20733817,0.047572835,0.032482033,0.065947627,0.020866015,0.012189484,0.032495916
United States of America,USA,Men,2000,27.76170662,27.47802696,28.04073061,0.248030189,0.212806403,0.286249696,0.072776652,0.054171468,0.094633765,0.00744865,0.004646169,0.011151852,0.019513312,0.013378241,0.027360015,0.318401197,0.28430856,0.353066916,0.406606652,0.368326433,0.4453715,0.175253537,0.142466238,0.210551696,0.050141446,0.034507481,0.069137118,0.022635206,0.01343272,0.03476957
United States of America,USA,Men,2001,27.88524423,27.61276649,28.15343004,0.255742911,0.22056591,0.29368408,0.077198777,0.057783577,0.099482538,0.007217944,0.00451256,0.010808445,0.018858544,0.012978988,0.026390163,0.312130116,0.279115522,0.346301956,0.406050485,0.368331525,0.444259364,0.178544134,0.145749555,0.213719306,0.052723919,0.036632172,0.072198152,0.024474857,0.01479646,0.037228517
United States of America,USA,Men,2002,28.00486439,27.74111472,28.26762715,0.263360795,0.227829622,0.300928199,0.08169231,0.061812427,0.104609413,0.007003036,0.004374659,0.010506501,0.018242566,0.012554333,0.025383913,0.306089806,0.2734663,0.339063525,0.405303797,0.36792502,0.443423098,0.181668486,0.149074027,0.217064233,0.055316097,0.0387348,0.075106082,0.026376213,0.016145343,0.039901746
United States of America,USA,Men,2003,28.12022792,27.86706825,28.37523505,0.270887693,0.235176316,0.308225901,0.086257952,0.065874779,0.109709989,0.006800951,0.004266291,0.010191792,0.017659688,0.012210258,0.024530399,0.300246485,0.268144823,0.332833226,0.404405183,0.367577605,0.44190008,0.184629741,0.152019729,0.219637423,0.057918368,0.040944258,0.078353937,0.028339584,0.017811852,0.042156751
United States of America,USA,Men,2004,28.23063532,27.98023232,28.48065622,0.278322715,0.242437716,0.315457037,0.090870189,0.070117261,0.115045835,0.00661011,0.004176512,0.009900697,0.017108471,0.011888499,0.023707918,0.29460337,0.262870794,0.326722282,0.403355334,0.367179601,0.440448894,0.187452526,0.154892927,0.222310749,0.060510386,0.043044422,0.081257653,0.030359802,0.019488285,0.044814851
United States of America,USA,Men,2005,28.33478841,28.09078196,28.58340621,0.285671294,0.249414958,0.323547138,0.095525825,0.073881878,0.120705941,0.006429843,0.004070255,0.009581433,0.016587539,0.011535332,0.022832605,0.289162524,0.25762471,0.321106916,0.4021488,0.365675341,0.438985948,0.19014547,0.157740934,0.225028058,0.063091569,0.045084002,0.084724332,0.032434255,0.02104803,0.047371315
United States of America,USA,Men,2006,28.43304641,28.1912317,28.67524076,0.292944305,0.256433949,0.331060971,0.100228691,0.077819971,0.12591932,0.006259084,0.003945886,0.009344372,0.016092891,0.011197029,0.022219832,0.283900979,0.252452705,0.315162656,0.400802741,0.364499515,0.43726468,0.192715614,0.16027366,0.227564297,0.065673552,0.047238465,0.087889275,0.034555138,0.022421093,0.050223859
United States of America,USA,Men,2007,28.52403974,28.27674515,28.76425384,0.300161006,0.264023605,0.338820003,0.104987686,0.08152536,0.131318874,0.006096108,0.003853236,0.009159083,0.01562344,0.010895855,0.021578953,0.27879391,0.247052038,0.310192561,0.399325536,0.362316337,0.436148987,0.19517332,0.162522844,0.230007839,0.06826078,0.049460699,0.090734655,0.036726906,0.02399194,0.053225282
United States of America,USA,Men,2008,28.60709156,28.35953174,28.85222985,0.30733194,0.270794417,0.346211171,0.109809973,0.085504471,0.137381369,0.005940019,0.003748451,0.008967664,0.015175681,0.010524014,0.021112355,0.273836662,0.241777905,0.305544232,0.397715699,0.360470721,0.434617843,0.197521966,0.164691535,0.232789625,0.070848641,0.05132963,0.093945319,0.038961332,0.025476883,0.056248944
United States of America,USA,Men,2009,28.68092622,28.42453657,28.93797362,0.314480263,0.276603618,0.353995959,0.114692575,0.088971635,0.143848306,0.005789717,0.003579421,0.008776236,0.014747704,0.010145495,0.020514318,0.268998042,0.23679189,0.301138327,0.395984274,0.358058212,0.43399963,0.199787688,0.166379334,0.235922859,0.07344122,0.05315625,0.098045701,0.041251355,0.026741792,0.05976398
United States of America,USA,Men,2010,28.7442759,28.4737734,29.015337,0.321613523,0.281995738,0.362629383,0.119653113,0.092755386,0.150538763,0.005647017,0.003434604,0.008693553,0.014337648,0.009765224,0.020111709,0.264254018,0.231075422,0.297528795,0.394147795,0.355339567,0.432485576,0.201960411,0.167453687,0.238805079,0.076036167,0.054872651,0.10185724,0.043616945,0.0279632,0.063605193
United States of America,USA,Men,2011,28.79841336,28.50765707,29.09712249,0.328731411,0.287258909,0.37166953,0.124690123,0.096201981,0.157574125,0.005511206,0.003291613,0.008621422,0.013945024,0.009370045,0.019891729,0.259589987,0.225466119,0.29351021,0.392222372,0.351622992,0.431959049,0.204041288,0.168114562,0.242061331,0.078631345,0.055975375,0.10544942,0.046058778,0.029023956,0.067571739
United States of America,USA,Men,2012,28.84501159,28.51505363,29.18099271,0.335864628,0.292184392,0.380998257,0.129825016,0.099382397,0.16493574,0.00538105,0.0031463,0.008590839,0.013565641,0.008907003,0.019694739,0.255003029,0.219383693,0.290386028,0.390185652,0.347469975,0.431602155,0.206039612,0.168237887,0.245529076,0.081240783,0.057223701,0.109952888,0.048584233,0.029876951,0.072135963
United States of America,USA,Men,2013,28.88799473,28.51102001,29.26260686,0.343023406,0.296784237,0.390971243,0.135060755,0.102432624,0.172949781,0.005255465,0.002997564,0.008601531,0.013201502,0.008486437,0.01950708,0.250477216,0.21321756,0.288114198,0.388042411,0.34291614,0.432003811,0.207962652,0.167409057,0.249794303,0.083862703,0.058057996,0.115026001,0.051198051,0.030572762,0.077284222
United States of America,USA,Men,2014,28.92939724,28.48584566,29.36406125,0.350211972,0.301412842,0.400916319,0.140411708,0.104812764,0.181461064,0.005135164,0.002824495,0.008595892,0.012849301,0.008071581,0.019391843,0.24598846,0.207070914,0.285916675,0.385815103,0.338066041,0.433026635,0.209800264,0.166718964,0.254402187,0.086514081,0.058954277,0.120348921,0.053897627,0.031416694,0.082950925
United States of America,USA,Men,2015,28.97117223,28.46291604,29.46687217,0.357449409,0.305905352,0.411776125,0.145906889,0.10738533,0.190917051,0.005020332,0.002675524,0.008655848,0.012508008,0.007666153,0.019212965,0.241532274,0.200539024,0.283513602,0.383489978,0.332600442,0.433872614,0.21154252,0.165409418,0.258862192,0.089199089,0.059182632,0.125914745,0.0567078,0.032067891,0.0893323
United States of America,USA,Men,2016,29.01322022,28.4235318,29.57829996,0.364743138,0.309271133,0.422942549,0.15153326,0.109286544,0.20111809,0.004912145,0.002480433,0.008706488,0.012178039,0.007236353,0.019202118,0.237115959,0.19412362,0.282052676,0.38105072,0.327199972,0.434252976,0.213209878,0.163680874,0.263009281,0.091910396,0.059510857,0.132336507,0.059622864,0.032225681,0.096059153
United States of America,USA,Women,1975,24.71959003,24.10302091,25.34937957,0.138201456,0.099574269,0.18219376,0.039228908,0.02310091,0.060928538,0.044751675,0.024970639,0.074260483,0.085969736,0.055705594,0.124343204,0.491453779,0.427488795,0.55563178,0.239623354,0.186746707,0.295564335,0.098972547,0.063867911,0.140332066,0.026601356,0.013316717,0.045535951,0.012627553,0.005165509,0.024883858
United States of America,USA,Women,1976,24.79399033,24.23017499,25.37274728,0.141961075,0.104248485,0.184386174,0.041155493,0.025142503,0.062264776,0.043438713,0.024934415,0.070158153,0.084563996,0.055952995,0.12049352,0.48831416,0.427653101,0.549747199,0.241722056,0.191210385,0.29499993,0.100805582,0.066907028,0.140807904,0.027728932,0.014447997,0.04606964,0.013426561,0.005793345,0.025521369
United States of America,USA,Women,1977,24.86715006,24.3464968,25.4030001,0.145755195,0.108793193,0.186871643,0.043150541,0.027232515,0.063563758,0.042188037,0.02484346,0.066446526,0.083205619,0.056125149,0.116727711,0.485124338,0.427422553,0.54355816,0.243726811,0.195359046,0.294539796,0.102604655,0.069654222,0.140552854,0.02888292,0.01553003,0.046887566,0.01426762,0.006552913,0.025915789
United States of America,USA,Women,1978,24.94014933,24.44939761,25.44164022,0.149607903,0.113760109,0.188756457,0.045226026,0.029363965,0.065167507,0.040991749,0.024656218,0.063210014,0.081893195,0.056221501,0.113687176,0.481866821,0.427021953,0.537812126,0.245640332,0.199651538,0.294371206,0.104381877,0.072686774,0.140853172,0.03007107,0.016765603,0.047738356,0.015154957,0.007323701,0.026694189
United States of America,USA,Women,1979,25.01433261,24.5472241,25.49840586,0.153544409,0.118735874,0.190865256,0.047385239,0.031558834,0.066745986,0.039844551,0.024499126,0.060414954,0.080607154,0.056219112,0.109892648,0.478511635,0.426975377,0.531862627,0.247492251,0.203770858,0.293882703,0.10615917,0.075359062,0.140997601,0.031292407,0.018021034,0.048584053,0.016092832,0.008154766,0.027682736
United States of America,USA,Women,1980,25.0917095,24.63591384,25.56254594,0.157590961,0.123187853,0.193998045,0.049649628,0.033857912,0.06867161,0.038739394,0.024480165,0.057909642,0.079341762,0.056059667,0.107062895,0.475031527,0.425335941,0.526001295,0.249296356,0.207442202,0.293757809,0.107941333,0.078170549,0.141408242,0.032556885,0.019443997,0.049556051,0.017092743,0.008950375,0.028628032
United States of America,USA,Women,1981,25.175194,24.72090246,25.62941821,0.161873173,0.128290809,0.197769781,0.052078575,0.036256572,0.071077639,0.037643569,0.024137078,0.055544879,0.078051379,0.055876941,0.104161465,0.471345919,0.423242966,0.520054514,0.251085959,0.210675072,0.293824775,0.109794598,0.080766559,0.142564224,0.033899513,0.020730332,0.05050575,0.018179061,0.009870632,0.029689053
United States of America,USA,Women,1982,25.26510468,24.81875741,25.70104773,0.166379672,0.133121681,0.200945844,0.054671277,0.038848677,0.073499627,0.036562356,0.023764961,0.053444828,0.076743993,0.055483393,0.101518483,0.467468945,0.420711395,0.514225438,0.252845034,0.214028314,0.293994774,0.111708394,0.083329032,0.143758384,0.035317052,0.022231011,0.051885632,0.019354225,0.010845243,0.030992961
United States of America,USA,Women,1983,25.36107305,24.91538422,25.79206266,0.171095189,0.138522538,0.204789583,0.057427953,0.041412959,0.076459272,0.035498954,0.023372427,0.051232796,0.075420951,0.055007995,0.099275831,0.463418577,0.418565427,0.508644149,0.254566328,0.216871634,0.29405013,0.113667237,0.085930931,0.144964733,0.036812172,0.023603509,0.053338413,0.02061578,0.011866163,0.032401077
United States of America,USA,Women,1984,25.46292794,25.01599151,25.89253829,0.176017735,0.143337011,0.20873981,0.06035083,0.044018371,0.079666085,0.034456902,0.022917155,0.049569527,0.074084597,0.054521956,0.097107107,0.459188066,0.416216176,0.502476629,0.256252701,0.219401039,0.294761984,0.115666904,0.088180574,0.146756777,0.03838602,0.025171651,0.054775957,0.021964811,0.012834554,0.033900262
United States of America,USA,Women,1985,25.56969097,25.12537334,25.99546675,0.181131399,0.149076911,0.213825613,0.063435429,0.046824783,0.08298667,0.033445399,0.022389953,0.047653017,0.072747833,0.053772619,0.095123243,0.454780334,0.412889432,0.496528512,0.257895036,0.221821733,0.295653737,0.11769597,0.090313788,0.148202441,0.04003047,0.026630946,0.05674541,0.023404959,0.01393722,0.035615563
United States of America,USA,Women,1986,25.68078342,25.24830053,26.10619281,0.186445608,0.154186182,0.219105941,0.066684213,0.049668777,0.086333499,0.032464262,0.021773483,0.045902759,0.071424724,0.052930147,0.092989104,0.450195188,0.409562643,0.490412486,0.259470218,0.224154827,0.295993995,0.119761396,0.092648139,0.149974091,0.041747566,0.028277507,0.058450439,0.024936647,0.01517705,0.037363431
United States of America,USA,Women,1987,25.79641362,25.36748917,26.21363685,0.191931559,0.159881593,0.224703068,0.070093197,0.052884499,0.090087559,0.031514114,0.021149848,0.044172939,0.070128622,0.052197947,0.09098479,0.445445857,0.405522256,0.48440414,0.260979848,0.225818003,0.296266931,0.121838362,0.094787757,0.152000998,0.043535855,0.029724516,0.06030036,0.026557341,0.016345896,0.039393478
United States of America,USA,Women,1988,25.91618288,25.49624391,26.32107307,0.197590451,0.165987181,0.230240803,0.073654368,0.05613639,0.094040365,0.030596491,0.020564164,0.042983591,0.068840012,0.051406839,0.08919034,0.440548586,0.401049546,0.478669066,0.26242446,0.227895067,0.296877332,0.123936082,0.097323716,0.153791024,0.045391017,0.03121067,0.062349793,0.028263351,0.017683558,0.041428345
United States of America,USA,Women,1989,26.03972579,25.62727649,26.43914418,0.203387603,0.171811026,0.236517539,0.077355311,0.059039809,0.098200059,0.029717992,0.020027895,0.041737347,0.067564382,0.050469372,0.087603391,0.435537863,0.396841282,0.472915922,0.26379216,0.230080169,0.298062492,0.126032292,0.099298925,0.155780152,0.047308255,0.032751857,0.064455323,0.030047055,0.019091322,0.043438536
United States of America,USA,Women,1990,26.16717658,25.76938528,26.55104377,0.209333078,0.177908868,0.242566896,0.081202948,0.062456256,0.102684823,0.028865284,0.019449324,0.040504286,0.066312589,0.049499832,0.08570208,0.430421027,0.392354556,0.467326887,0.265068022,0.231339942,0.299012151,0.12813013,0.101278278,0.157548554,0.049284084,0.034403859,0.066776389,0.031918864,0.020559515,0.045865757
United States of America,USA,Women,1991,26.3002097,25.91933937,26.66888572,0.215547319,0.184043273,0.249028929,0.085256955,0.065925429,0.107079391,0.028028191,0.018925833,0.039355277,0.065040678,0.04879702,0.084069665,0.425091658,0.387118976,0.46148015,0.266292154,0.233333172,0.300308603,0.130290364,0.103177752,0.159858841,0.051352342,0.036033293,0.069126077,0.033904613,0.022093822,0.048591321
United States of America,USA,Women,1992,26.4378216,26.07077019,26.79782756,0.222003518,0.190322015,0.255379549,0.089500691,0.069485043,0.112000978,0.027208089,0.018353341,0.038225095,0.063756616,0.047956751,0.08231757,0.419594868,0.382332807,0.455566441,0.267436908,0.23482852,0.301338523,0.132502827,0.105704042,0.161841367,0.053499415,0.037829501,0.071652845,0.036001276,0.023639715,0.051118167
United States of America,USA,Women,1993,26.57917443,26.22602286,26.92484625,0.228674923,0.196603898,0.26188454,0.093924218,0.073222879,0.116981035,0.026405732,0.017818649,0.036993221,0.062471676,0.047061026,0.080450829,0.413941954,0.37667371,0.4491451,0.268505715,0.236117755,0.30201195,0.134750705,0.107936136,0.163930211,0.055724901,0.039684463,0.074128346,0.038199317,0.02524684,0.053886587
United States of America,USA,Women,1994,26.72308715,26.38415176,27.05704934,0.235549408,0.203771867,0.268864482,0.098518519,0.077198542,0.122217352,0.025629396,0.017270117,0.035902811,0.061191328,0.046056839,0.079042962,0.408152902,0.372142535,0.443252815,0.269476967,0.237169974,0.302529131,0.137030889,0.110129769,0.166780994,0.058016223,0.041639241,0.076885155,0.040502296,0.027021674,0.056617311
United States of America,USA,Women,1995,26.86862952,26.53934753,27.18941422,0.242593855,0.210763733,0.276435114,0.103269115,0.081331541,0.127598355,0.024881875,0.016801161,0.034834505,0.059911054,0.045109823,0.077207497,0.4022735,0.367069891,0.437066109,0.270339716,0.238310094,0.303287136,0.13932474,0.112435955,0.169353235,0.060364554,0.043599516,0.079690437,0.042904561,0.028877242,0.059654387
United States of America,USA,Women,1996,27.0147798,26.70240106,27.31987698,0.249734036,0.217626713,0.283505567,0.10814716,0.085784218,0.132982974,0.024173111,0.0163323,0.033793874,0.058652716,0.044281899,0.07546177,0.396353042,0.36178025,0.430349453,0.271087096,0.239394663,0.30375407,0.141586876,0.114871914,0.171667884,0.062751371,0.045637853,0.082142338,0.045395789,0.031112448,0.062684585
United States of America,USA,Women,1997,27.16038175,26.8648389,27.45386892,0.256961005,0.224613924,0.290382244,0.113125191,0.090244087,0.138577009,0.023499717,0.015874165,0.032954935,0.05743079,0.04345477,0.073675124,0.390400516,0.356548566,0.424296619,0.271707972,0.240348381,0.303950554,0.143835814,0.117041999,0.173519207,0.06516696,0.047613381,0.084868001,0.047958231,0.033056683,0.06610574
United States of America,USA,Women,1998,27.30390233,27.01663015,27.5857838,0.264217028,0.232397958,0.297867168,0.118171615,0.094743325,0.144177561,0.022861749,0.015444551,0.031906791,0.056233524,0.04249768,0.0720691,0.384474132,0.351227773,0.418037272,0.272213566,0.241478698,0.304186713,0.146045413,0.119089314,0.175797285,0.06759636,0.049587736,0.087772816,0.050575255,0.035128466,0.069239581
United States of America,USA,Women,1999,27.44478625,27.16695757,27.72178509,0.271497054,0.239211247,0.304985756,0.123280651,0.099224678,0.149692171,0.022265503,0.015101596,0.030992983,0.055066303,0.041690666,0.070499056,0.378568818,0.345858469,0.411478479,0.272602322,0.242426344,0.304371153,0.148216403,0.121113735,0.17788465,0.070031315,0.051765239,0.090305331,0.053249336,0.037224713,0.072442893
United States of America,USA,Women,2000,27.58170466,27.31085131,27.85343361,0.278757092,0.246313873,0.312378867,0.12842606,0.103726159,0.155222256,0.021712682,0.014745438,0.030242004,0.053936113,0.040962533,0.069096297,0.372708684,0.340393058,0.40527128,0.272885429,0.242980733,0.304145939,0.150331032,0.123291517,0.17983699,0.072463791,0.053859615,0.093420436,0.05596227,0.039480496,0.075532037
United States of America,USA,Women,2001,27.71194812,27.44464953,27.98174449,0.285879569,0.253118683,0.318999626,0.133530848,0.108115432,0.160336009,0.021206183,0.014452602,0.029501485,0.052868587,0.040165457,0.067701884,0.367003023,0.33504373,0.399142082,0.273042638,0.243325134,0.304077054,0.152348721,0.12480088,0.181432282,0.074849538,0.055749297,0.096270118,0.05868131,0.041526811,0.07880409
United States of America,USA,Women,2002,27.83557814,27.57017158,28.0998847,0.292857521,0.259969592,0.326036723,0.138585551,0.112624695,0.165948461,0.020741171,0.01418236,0.028775399,0.05186117,0.039442292,0.066160655,0.361446899,0.32969916,0.393066723,0.273093239,0.243624506,0.303881577,0.15427197,0.126952832,0.18346104,0.077177589,0.057763172,0.098835099,0.061407962,0.043740139,0.082055538
United States of America,USA,Women,2003,27.95167015,27.68891079,28.21527902,0.299708733,0.26696333,0.332724462,0.143604193,0.11680155,0.171842085,0.02031089,0.013880695,0.028091549,0.050909077,0.038775179,0.065010784,0.356033351,0.324711119,0.387210737,0.273037949,0.243502943,0.303853214,0.15610454,0.128861837,0.185517832,0.079469841,0.05975914,0.101538639,0.064134351,0.04606064,0.085149231
United States of America,USA,Women,2004,28.06104725,27.80057528,28.32196901,0.306411742,0.273502132,0.339860244,0.148563632,0.121308768,0.177676553,0.019915729,0.013655281,0.02758109,0.050002725,0.038065453,0.063920921,0.350769028,0.319267205,0.381879168,0.272900776,0.243775683,0.303459838,0.15784811,0.130067979,0.187367526,0.081716823,0.061806212,0.104214827,0.066846809,0.048241937,0.088666232
United States of America,USA,Women,2005,28.16483363,27.90450802,28.43089939,0.312997336,0.279439929,0.346720588,0.153478688,0.125524298,0.18309881,0.019552976,0.013394653,0.027208162,0.049138589,0.037329637,0.062888551,0.345637117,0.314445167,0.37628866,0.272673982,0.243850957,0.303187893,0.159518648,0.131356563,0.189348006,0.083917276,0.0634753,0.106859105,0.069561412,0.050247811,0.09186003
United States of America,USA,Women,2006,28.26364178,27.99810753,28.5305288,0.319473783,0.285269489,0.353920339,0.158363284,0.129828305,0.188110482,0.019216552,0.013129769,0.026945631,0.048311302,0.036688765,0.061755192,0.340626356,0.308877581,0.371172369,0.272372008,0.24367395,0.302430887,0.1611105,0.13263233,0.191562687,0.086087121,0.065133156,0.109784292,0.072276162,0.052352593,0.095475103
United States of America,USA,Women,2007,28.35860352,28.07903042,28.63890015,0.325862886,0.291114203,0.360645088,0.163233839,0.133957456,0.193594909,0.018900398,0.012912155,0.026540521,0.047515615,0.03588456,0.060924669,0.335711263,0.303708639,0.366621811,0.272009838,0.243016061,0.302243284,0.162629047,0.133984284,0.193739663,0.08822326,0.066605789,0.112518211,0.07501058,0.054294635,0.099109132
United States of America,USA,Women,2008,28.44960829,28.15934168,28.74402535,0.332174564,0.2963813,0.368199578,0.168090533,0.137791131,0.199904983,0.018606881,0.012618562,0.026201028,0.046753928,0.035179516,0.060368741,0.330890403,0.29816707,0.362938564,0.271574224,0.242201624,0.302200849,0.164084031,0.135398414,0.196346518,0.090334114,0.068087008,0.11519958,0.077756419,0.05595754,0.102768274
United States of America,USA,Women,2009,28.5371162,28.23395792,28.84833314,0.33843213,0.301427515,0.375532799,0.172940126,0.141269839,0.206340188,0.01833155,0.01234048,0.02606974,0.046018346,0.034339899,0.059749429,0.3261392,0.292890274,0.359217874,0.271078774,0.240622162,0.302632456,0.165492005,0.135890722,0.198547215,0.092429673,0.069536528,0.118086533,0.080510452,0.057637677,0.106642741
United States of America,USA,Women,2010,28.62012062,28.29590233,28.95032169,0.344648011,0.30614987,0.382980728,0.177796458,0.14453449,0.21293161,0.018069708,0.011937788,0.026068672,0.045305232,0.033249038,0.059134701,0.321450939,0.286377682,0.355978666,0.270526109,0.239459181,0.303385125,0.166851554,0.136290462,0.200890541,0.094514391,0.070606828,0.121347507,0.083282066,0.059163132,0.111161786
United States of America,USA,Women,2011,28.69826191,28.34486017,29.0583567,0.350848165,0.309983334,0.391132326,0.18268338,0.147416977,0.219911769,0.017818085,0.011632789,0.026202807,0.04461391,0.032495806,0.058920183,0.316795767,0.280654637,0.353220229,0.269924073,0.237439468,0.304377077,0.168164786,0.136507979,0.203383143,0.096582667,0.07179536,0.124743697,0.086100713,0.060505529,0.115956264
United States of America,USA,Women,2012,28.77371996,28.38350543,29.17253499,0.357014794,0.313917387,0.399467263,0.187592931,0.150470785,0.227105425,0.017579,0.011270626,0.026145719,0.043944726,0.031499842,0.058903828,0.312185423,0.274320819,0.350431129,0.269276057,0.234841471,0.305581092,0.169421863,0.136372448,0.206239807,0.098637018,0.072093698,0.128586867,0.088955913,0.061725467,0.120925174
United States of America,USA,Women,2013,28.84840157,28.4163037,29.29110081,0.363170379,0.316803738,0.408905357,0.19254542,0.15306539,0.234537557,0.017351039,0.010880682,0.026295038,0.043295127,0.030369779,0.059066495,0.307612177,0.267796643,0.348013473,0.268571278,0.232494041,0.307041261,0.17062496,0.135781327,0.209250337,0.100695702,0.072618785,0.13272898,0.091849718,0.062755037,0.126192491
United States of America,USA,Women,2014,28.92275041,28.44702604,29.42210389,0.369330012,0.320709289,0.418298909,0.197537616,0.155757477,0.242426071,0.017134078,0.01046654,0.026528368,0.042666779,0.029358622,0.059162398,0.303066718,0.261438702,0.346439545,0.267802413,0.229788648,0.308887118,0.171792396,0.135054131,0.212931091,0.102759583,0.072617814,0.136951603,0.094778033,0.063008366,0.132670385
United States of America,USA,Women,2015,28.99665654,28.45297223,29.55497152,0.375474907,0.323847395,0.427264496,0.202552575,0.157647851,0.250848777,0.01692779,0.010033997,0.026882908,0.042053278,0.028285602,0.059318008,0.298558315,0.2546515,0.34481693,0.26698571,0.226699735,0.310937372,0.172922332,0.133998139,0.216355997,0.104820237,0.072674637,0.141460066,0.097732339,0.063006154,0.138500701
United States of America,USA,Women,2016,29.07070589,28.45368647,29.69845865,0.381627333,0.327027371,0.436405168,0.207616313,0.159149941,0.259449197,0.016730156,0.009619542,0.027279092,0.041460629,0.027149654,0.059665983,0.294063314,0.247442867,0.343001147,0.266118568,0.22299822,0.312600693,0.174011021,0.132678793,0.219823504,0.106884235,0.072496424,0.146205729,0.100732078,0.063116839,0.144965094
